{
    "ST101": {
        "st101_01": [
            -919.7466,
            -4.565231,
            800.71185
        ],
        "st101_02": [
            -910.85376,
            -12.597151,
            1078.5874
        ],
        "st101_03": [
            -1007.8833,
            26.637022,
            884.136
        ],
        "st101_04": [
            -960.7262,
            57.849876,
            823.1971
        ],
        "st101_05": [
            -1038.2782,
            99.177315,
            860.0023
        ],
        "st101_06": [
            -1056.6543,
            19.23118,
            997.2134
        ],
        "st101_07": [
            -684.0986,
            12.053447,
            828.59827
        ],
        "st101_08": [
            -590.0662,
            3.6506279,
            903.9299
        ],
        "st101_09": [
            -599.68225,
            11.810763,
            685.755
        ],
        "st101_10": [
            -439.5195,
            8.324525,
            744.4954
        ],
        "st101_11": [
            -978.76416,
            -0.542171,
            1190.1407
        ],
        "st101_12": [
            -729.9123,
            7.232611,
            1152.3801
        ],
        "st101_13": [
            -1023.91064,
            20.92313,
            1337.6833
        ],
        "st101_14": [
            -960.1674,
            -60.0712,
            1251.8989
        ],
        "st101_15": [
            -759.4407,
            -58.816574,
            1175.817
        ],
        "st101_16": [
            -713.80133,
            -13.473921,
            1437.9392
        ],
        "st101_17": [
            -383.27893,
            -19.954575,
            1610.7
        ]
    },
    "ST102": {
        "st102_01": [
            -162.0,
            40.0,
            426.0
        ],
        "st102_02": [
            -75.0,
            35.0,
            248.0
        ],
        "st102_03": [
            60.0,
            40.0,
            280.0
        ],
        "st102_04": [
            146.0,
            40.0,
            324.0
        ],
        "st102_05": [
            -181.0,
            40.0,
            140.0
        ],
        "st102_06": [
            65.0,
            50.0,
            85.0
        ],
        "st102_07": [
            378.0,
            29.0,
            65.0
        ],
        "st102_08": [
            408.0,
            15.0,
            -45.0
        ],
        "st102_09": [
            -101.36204,
            47.993755,
            49.22815
        ],
        "st102_10": [
            -24.0,
            57.0,
            -60.0
        ],
        "st102_11": [
            231.0,
            147.0,
            74.0
        ],
        "st102_12": [
            228.0,
            75.0,
            -94.0
        ],
        "st102_13": [
            133.0,
            80.0,
            -250.0
        ],
        "st102_14": [
            183.2244,
            123.85136,
            -301.6655
        ],
        "st102_15": [
            -24.193121,
            83.395706,
            -459.46222
        ],
        "st102_16": [
            -188.12689,
            145.26898,
            -490.46313
        ],
        "st102_17": [
            48.0,
            202.0,
            -590.0
        ],
        "st102_18": [
            107.8381,
            111.74295,
            25.128252
        ]
    },
    "ST103": {
        "st103_01": [
            725.0,
            -20.0,
            -101.0
        ],
        "st103_02": [
            880.0,
            -60.0,
            10.0
        ],
        "st103_03": [
            933.0,
            -56.0,
            -80.0
        ],
        "st103_04": [
            1085.0679,
            -76.388214,
            35.201252
        ],
        "st103_05": [
            965.0,
            -50.0,
            85.0
        ],
        "st103_06": [
            1190.0,
            -3.0,
            76.0
        ],
        "st103_07": [
            1009.0,
            -85.0,
            -245.0
        ],
        "st103_08": [
            902.0,
            -110.0,
            -166.0
        ],
        "st103_09": [
            957.0,
            -105.0,
            -31.0
        ],
        "st103_10": [
            778.0,
            -127.0,
            -181.0
        ],
        "st103_11": [
            862.0,
            -114.0,
            118.0
        ],
        "st103_12": [
            822.0,
            -156.0,
            -50.0
        ],
        "st103_13": [
            972.0,
            -167.0,
            -77.0
        ],
        "st103_14": [
            890.0,
            -180.0,
            69.0
        ],
        "st103_15": [
            1064.0,
            -193.0,
            0.0
        ],
        "st103_16": [
            723.0,
            -194.0,
            83.0
        ],
        "st103_17": [
            1230.0,
            -204.0,
            26.0
        ],
        "st103_18": [
            972.0,
            -204.0,
            145.0
        ]
    },
    "ST104": {
        "st104_01": [
            -885.4533,
            1.5982661,
            353.9656
        ],
        "st104_02": [
            -841.92365,
            14.764794,
            263.50214
        ],
        "st104_03": [
            -928.551,
            20.630669,
            296.52115
        ],
        "st104_04": [
            -901.07544,
            9.216726,
            118.61662
        ],
        "st104_05": [
            -950.2784,
            56.545208,
            170.95274
        ],
        "st104_06": [
            -957.8565,
            90.3767,
            118.12628
        ],
        "st104_07": [
            -944.0321,
            129.8412,
            195.4812
        ],
        "st104_08": [
            -964.4423,
            154.17317,
            104.795494
        ],
        "st104_09": [
            -949.63654,
            153.57256,
            164.53862
        ],
        "st104_10": [
            -879.7007,
            128.74904,
            159.26285
        ],
        "st104_11": [
            -894.23303,
            96.234924,
            62.669743
        ],
        "st104_12": [
            -793.8785,
            124.255424,
            136.37888
        ],
        "st104_13": [
            -786.22076,
            111.62627,
            228.18257
        ],
        "st104_14": [
            -745.9533,
            125.93982,
            262.84283
        ],
        "st104_15": [
            -797.7009,
            114.02063,
            40.15889
        ],
        "st104_16": [
            -816.5849,
            159.21635,
            28.56333
        ],
        "st104_17": [
            -851.85876,
            104.67418,
            245.86407
        ],
        "st104_18": [
            -907.60657,
            105.23246,
            270.42365
        ],
        "st104_19": [
            -878.25195,
            144.07289,
            78.80201
        ],
        "st104_20": [
            -835.23883,
            121.37409,
            202.1756
        ]
    },
    "ST105": {
        "st105_01": [
            -57.392406,
            -33.377365,
            -57.22487
        ],
        "st105_02": [
            -111.19575,
            -44.40779,
            31.950888
        ],
        "st105_03": [
            -36.64701,
            -57.374046,
            29.754517
        ],
        "st105_04": [
            -140.25102,
            -67.56525,
            32.546295
        ],
        "st105_05": [
            -45.884747,
            -74.907936,
            116.71426
        ],
        "st105_06": [
            -20.001392,
            -93.419655,
            35.251564
        ],
        "st105_07": [
            -19.45993,
            -147.87343,
            -103.07474
        ],
        "st105_08": [
            -78.25657,
            -164.81169,
            -33.841972
        ],