{
    "st101": [
        -500,
        149.954575,
        1268
    ],
    "st102": [
        136,
        239.954575,
        -712
    ],
    "st103": [
        994,
        100.3767,
        291
    ],
    "st104": [
        -650.8565,
        250.3767,
        300.12628
    ],
    "st105": [
        -193.14813,
        155.50406,
        -152.27613
    ]
}